"SEN";"Taxon";"Gattung";"Art";"Autor";"SwLi";"T";"Tv";"K";"Kv";"L";"Lv";"NS";"NSv";"AS";"ASv";"F";"Fv";"R";"Rv";"N";"Nv";"WL";"PB";"FS";"GV";"EM";"EMv";"RL";"Bes"
1;"Acarospora schleicheri";"Acarospora";"schleicheri";"(Ach.) A. Massal.";"SwLi";5;"I";5;"I";5;"I";1;"I";"c";"I";2.5;"I";5;"I";1;"I";"Ak";"Ga";"ap";"Se";1;"I";"VU";"selten"
2;"Alectoria nigricans";"Alectoria";"nigricans";"(Ach.) Nyl.";"SwLi";1;"I";4;"I";5;"I";4;"I";"c";"I";2.5;"I";2;"I";1;"I";"Cl";"Ga";"st";"Bi";1;"I";"LC";"selten"
3;"Alectoria ochroleuca";"Alectoria";"ochroleuca";"(Hoffm.) A. Massal.";"SwLi";1;"I";4;"I";5;"I";4;"I";"c";"I";2.5;"I";2;"II";1;"I";"Cl";"Ga";"st";"Ho";1;"I";"LC";""
4;"Arthrorhaphis alpina";"Arthrorhaphis";"alpina";"(Schaer.) R. Sant.";"SwLi";1;"I";4;"I";5;"I";4;"I";"e";"I";3;"I";4;"II";1;"I";"Ak";"Ga";"so";"Bi";1;"I";"LC";""
5;"Arthrorhaphis citrinella";"Arthrorhaphis";"citrinella";"(Ach.) Poelt";"SwLi";1;"II";4;"I";4;"II";4;"II";"e";"I";3;"I";2;"II";1;"I";"Ak";"Ga";"so";"Bi";1;"II";"LC";""
6;"Aspicilia verrucosa";"Aspicilia";"verrucosa";"(Ach.) Körb.";"SwLi";2;"II";4;"I";5;"II";4;"II";"g";"I";4;"I";5;"II";3;"I";"Ak";"Ga";"ap";"Ho";1;"I";"LC";""
7;"Bacidia bagliettoana";"Bacidia";"bagliettoana";"(A. Massal. & De Not.) Jatta";"SwLi";4;"II";3;"II";4;"I";3;"II";"g";"I";4;"I";4;"II";3;"II";"Ak";"Ga";"ap";"Ho";3;"II";"VU";""
8;"Baeomyces placophyllus";"Baeomyces";"placophyllus";"Ach.";"SwLi";2;"I";3;"I";4;"I";4;"I";"e";"I";3;"I";2;"I";1;"I";"Ab";"Ga";"ap";"Eu";1;"II";"LC";""
9;"Baeomyces rufus";"Baeomyces";"rufus";"(Huds.) Rebent.";"SwLi";3;"II";3;"II";3;"II";3;"II";"e";"I";3;"I";2;"I";1;"I";"Ab";"Ga";"ap";"Eu";3;"II";"LC";""
10;"Bilimbia lobulata";"Bilimbia";"lobulata";"(Sommerf.) Hafellner & Coppins";"SwLi";4;"II";4;"I";4;"I";3;"II";"g";"I";4;"I";4;"II";1;"II";"Ak";"Ga";"ap";"Ho";1;"II";"LC";""
11;"Bilimbia microcarpa";"Bilimbia";"microcarpa";"(Th. Fr.) Th. Fr.";"";3;"II";3;"I";3;"II";4;"I";"g";"I";4;"I";4;"I";5;"I";"Ak";"Ga";"ap";"Ho";1;"I";"LC";""
12;"Bilimbia sabuletorum";"Bilimbia";"sabuletorum";"(Schreb.) Arnold";"SwLi";2;"II";5;"I";3;"II";2;"I";"g";"I";4;"I";4;"II";3;"II";"Ak";"Ga";"ap";"Ho";1;"II";"LC";""
13;"Bryonora castanea";"Bryonora";"castanea";"(Hepp) Poelt";"SwLi";1;"I";4;"I";4;"II";4;"II";"g";"I";4;"I";2;"II";1;"I";"Ak";"Ga";"ap";"Ho";1;"I";"DD";""
14;"Buellia elegans";"Buellia";"elegans";"Poelt";"SwLi";1;"I";4;"I";5;"I";4;"II";"e";"I";3;"I";5;"I";1;"I";"Rw";"Ga";"ap";"Se";1;"I";"VU";""
15;"Buellia epigaea";"Buellia";"epigaea";"(Pers.) Tuck.";"SwLi";2;"II";4;"I";5;"I";3;"II";"e";"I";3;"I";4;"I";1;"I";"Rw";"Ga";"ap";"Eu";3;"II";"EN";""
16;"Buellia hypophana";"Buellia";"hypophana";"(Nyl.) Zahlbr.";"";2;"II";5;"I";5;"I";1;"II";"g";"I";4;"I";2;"I";5;"I";"Ak";"Ga";"ap";"Ho";1;"I";"EN";""
17;"Buellia papillata";"Buellia";"papillata";"(Sommerf.) Tuck.";"SwLi";1;"I";4;"I";4;"I";3;"II";"g";"I";4;"I";2;"I";1;"I";"Ak";"Ga";"ap";"Pa";1;"I";"DD";"selten"
18;"Caloplaca ammiospila";"Caloplaca";"ammiospila";"(Wahlenb.) H. Olivier";"SwLi";2;"II";4;"I";5;"I";4;"I";"g";"I";4;"I";3;"II";3;"II";"Ak";"Ga";"ap";"Ho";1;"I";"LC";""
19;"Caloplaca aurea";"Caloplaca";"aurea";"(Schaer.) Zahlbr.";"SwLi";1;"I";4;"I";5;"I";4;"I";"c";"I";2;"I";5;"I";5;"I";"Ak";"Ga";"ap";"Eu";3;"I";"NT";"selten"
20;"Caloplaca jungermanniae";"Caloplaca";"jungermanniae";"(Vahl) Th. Fr.";"SwLi";1;"II";4;"I";5;"I";3;"II";"g";"I";4;"I";4;"II";3;"II";"Ak";"Ga";"ap";"Pa";1;"I";"NT";""
21;"Caloplaca livida";"Caloplaca";"livida";"(Hepp) Jatta";"SwLi";2;"I";4;"I";4;"I";3;"II";"g";"I";4;"I";2;"II";1;"I";"Ak";"Ga";"ap";"Pa";1;"I";"LC";""
22;"Caloplaca saxifragarum";"Caloplaca";"saxifragarum";"Poelt";"SwLi";2;"II";4;"I";5;"I";3;"II";"g";"I";4;"I";4;"I";5;"I";"Ak";"Ga";"ap";"Pa";1;"I";"LC";""
23;"Caloplaca sinapisperma";"Caloplaca";"sinapisperma";"(Lam. & DC.) Maheu & A. Gillet";"SwLi";2;"II";4;"II";4;"II";3;"II";"g";"I";4;"I";4;"II";5;"II";"Ak";"Ga";"ap";"Ho";3;"II";"LC";""
24;"Caloplaca tiroliensis";"Caloplaca";"tiroliensis";"Zahlbr.";"SwLi";1;"I";4;"I";5;"I";4;"II";"g";"I";4;"I";4;"II";3;"II";"Ak";"Ga";"ap";"Ho";1;"I";"LC";""
25;"Caloplaca xanthostigmoidea";"Caloplaca";"xanthostigmoidea";"(Räsänen) Zahlbr.";"SwLi";1;"I";4;"I";5;"I";4;"I";"e";"I";3;"I";4;"II";1;"I";"Ak";"Ga";"ap";"Eu";1;"I";"NT";"selten"
26;"Catapyrenium cinereum";"Catapyrenium";"cinereum";"(Pers.) Körb.";"SwLi";2;"II";4;"I";5;"I";4;"II";"e";"I";2.5;"I";4;"II";1;"II";"Sf";"Ga";"ap";"Ho";1;"I";"LC";""
27;"Catapyrenium daedaleum";"Catapyrenium";"daedaleum";"(Kremp.) Stein";"SwLi";3;"II";5;"I";4;"I";3;"II";"e";"I";2.5;"I";4;"II";1;"II";"Sf";"Ga";"ap";"Ho";1;"II";"VU";""
28;"Catapyrenium squamulosum";"Catapyrenium";"squamulosum";"(Ach.) Breuss";"SwLi";3;"II";3;"II";5;"I";2;"II";"e";"I";2.5;"I";4;"I";3;"II";"Sf";"Ga";"ap";"Ho";3;"II";"DD";""
29;"Catolechia wahlenbergii";"Catolechia";"wahlenbergii";"(Ach.) Körb.";"SwLi";2;"I";2;"I";4;"I";4;"I";"e";"I";2.5;"I";2;"II";1;"I";"Sf";"Ga";"ap";"Ho";1;"I";"VU";"selten"
30;"Cetraria aculeata";"Cetraria";"aculeata";"(Schreb.) Fr.";"SwLi";2;"II";4;"I";5;"I";3;"II";"d";"I";2.5;"I";2;"II";1;"I";"Cl";"Ga";"st";"Ho";1;"I";"LC";""
31;"Cetraria cucullata";"Cetraria";"cucullata";"(Bellardi) Ach.";"SwLi";1;"I";4;"I";5;"I";4;"II";"e";"II";3;"II";3;"II";1;"I";"Ce";"Ga";"st";"Ho";1;"I";"LC";""
32;"Cetraria ericetorum";"Cetraria";"ericetorum";"Opiz";"SwLi";1;"I";4;"I";5;"I";3;"II";"e";"II";3;"II";2;"II";1;"I";"Ce";"Ga";"st";"Ho";1;"I";"LC";""
33;"Cetraria islandica";"Cetraria";"islandica";"(L.) Ach.";"SwLi";2;"II";4;"I";4;"II";3;"II";"e";"II";3;"II";3;"II";1;"II";"Ce";"Ga";"st";"Ho";1;"II";"LC";""
34;"Cetraria nivalis";"Cetraria";"nivalis";"(L.) Ach.";"SwLi";1;"I";4;"I";5;"I";4;"I";"e";"II";3;"II";3;"II";1;"I";"Ce";"Ga";"st";"Ho";1;"I";"LC";""
35;"Cetraria tubulosa";"Cetraria";"tubulosa";"(Schaer.) Zopf";"";1;"I";4;"I";5;"I";4;"I";"e";"II";3;"II";4;"II";1;"I";"Ce";"Ga";"st";"Ho";1;"I";"NT";""
36;"Chromatochlamys muscorum";"Chromatochlamys";"muscorum";"(Fr.) H. Mayrhofer & Poelt";"SwLi";4;"II";4;"I";3;"I";2;"I";"g";"I";4;"I";5;"I";1;"I";"Ak";"Ga";"ap";"Eu";1;"I";"DD";"selten"
37;"Cladonia acuminata";"Cladonia";"acuminata";"(Ach.) Norrl.";"SwLi";2;"I";5;"I";5;"II";3;"II";"e";"II";3;"II";4;"II";1;"I";"Be";"Ga";"so";"Ho";3;"I";"VU";"selten"
38;"Cladonia amaurocraea";"Cladonia";"amaurocraea";"(Flörke) Schaer.";"SwLi";2;"I";4;"I";4;"II";3;"II";"e";"II";2.5;"II";2;"II";1;"I";"Be";"Ga";"ap";"Ho";1;"II";"LC";""
39;"Cladonia arbuscula";"Cladonia";"arbuscula";"s. l.";"SwLi";2;"II";4;"II";4;"II";3;"II";"e";"II";3;"II";2;"II";1;"I";"Cl";"Ga";"st";"Ho";1;"I";"LC";""
40;"Cladonia bellidiflora";"Cladonia";"bellidiflora";"(Ach.) Schaer.";"SwLi";2;"I";4;"II";4;"II";3;"II";"f";"I";3;"II";2;"II";1;"I";"Be";"Ga";"ap";"Ho";1;"II";"LC";""
41;"Cladonia borealis";"Cladonia";"borealis";"S. Stenroos";"SwLi";2;"II";4;"I";5;"II";3;"II";"e";"I";3;"I";2;"II";1;"I";"Be";"Ga";"so";"?";1;"I";"LC";""
42;"Cladonia caespiticia";"Cladonia";"caespiticia";"(Pers.) Flörke";"SwLi";3;"II";1;"II";3;"II";4;"I";"e";"I";3;"I";2;"II";1;"I";"Be";"Ga";"ap";"Ne";3;"II";"VU";""
43;"Cladonia cariosa";"Cladonia";"cariosa";"(Ach.) Spreng.";"SwLi";3;"II";5;"I";4;"II";3;"II";"c";"II";2.5;"II";3;"II";3;"II";"Be";"Ga";"ap";"Ho";1;"II";"VU";""
44;"Cladonia carneola";"Cladonia";"carneola";"(Fr.) Fr.";"SwLi";2;"I";4;"II";4;"I";3;"II";"f";"II";3;"II";2;"I";1;"I";"Be";"Ga";"so";"Ho";1;"I";"LC";""
45;"Cladonia cervicornis";"Cladonia";"cervicornis";"(Ach.) Flot.";"SwLi";2;"I";3;"II";4;"II";3;"II";"c";"I";2.5;"I";2;"I";1;"I";"Be";"Ga";"ap";"Ho";1;"I";"VU";""
46;"Cladonia chlorophaea";"Cladonia";"chlorophaea";"(Sommerf.) Spreng.";"SwLi";3;"II";3;"II";3;"II";3;"II";"e";"II";3;"II";3;"II";3;"II";"Be";"Ga";"ap";"Ho";3;"II";"LC";""
47;"Cladonia ciliata";"Cladonia";"ciliata";"Stirt.";"SwLi";5;"I";3;"I";5;"I";3;"I";"e";"I";3;"I";5;"I";1;"I";"Cl";"Ga";"ap";"Ne";1;"I";"EN";""
48;"Cladonia coccifera";"Cladonia";"coccifera";"(L.) Willd.";"SwLi";2;"II";3;"II";4;"II";3;"II";"e";"I";3;"I";2;"I";3;"II";"Be";"Ga";"so";"Ho";1;"II";"LC";""
49;"Cladonia cornuta";"Cladonia";"cornuta";"(L.) Hoffm.";"SwLi";2;"II";4;"II";3;"II";3;"II";"e";"I";3;"I";2;"II";1;"I";"Be";"Ga";"so";"Ho";1;"II";"LC";""
50;"Cladonia crispata";"Cladonia";"crispata";"(Ach.) Flot.";"SwLi";2;"II";4;"I";4;"II";4;"II";"e";"II";3;"II";2;"I";1;"I";"Cl";"Ga";"ap";"Ho";1;"II";"LC";""
51;"Cladonia cyanipes";"Cladonia";"cyanipes";"(Sommerf.) Nyl.";"SwLi";2;"I";4;"I";3;"I";3;"I";"e";"II";3;"II";2;"I";1;"I";"Be";"Ga";"so";"Eu";1;"II";"LC";"selten"
52;"Cladonia decorticata";"Cladonia";"decorticata";"(Flörke) Spreng.";"SwLi";2;"II";4;"II";4;"II";3;"II";"c";"II";2.5;"II";2;"I";1;"I";"Be";"Ga";"so";"Ho";1;"II";"VU";""
53;"Cladonia deformis";"Cladonia";"deformis";"(L.) Hoffm.";"SwLi";2;"II";4;"II";5;"II";3;"II";"e";"II";2.5;"II";3;"II";1;"I";"Be";"Ga";"so";"Ho";1;"II";"LC";""
54;"Cladonia ecmocyna";"Cladonia";"ecmocyna";"Leight.";"SwLi";2;"I";4;"I";4;"I";4;"II";"e";"I";3;"I";2;"I";1;"I";"Be";"Ga";"ap";"Ho";1;"I";"LC";""
55;"Cladonia foliacea";"Cladonia";"foliacea";"(Huds.) Willd.";"SwLi";5;"I";4;"II";5;"I";2;"II";"e";"I";2.5;"I";5;"II";1;"I";"Be";"Ga";"st";"Se";1;"I";"VU";""
56;"Cladonia furcata ssp. furcata";"Cladonia";"furcata ssp. furcata";"(Huds.) Schrad.";"SwLi";3;"II";3;"II";3;"II";3;"II";"f";"I";4;"I";3;"II";1;"II";"Be";"Ga";"ap";"Ho";3;"II";"LC";""
57;"Cladonia furcata ssp. subrangiformis";"Cladonia";"furcata ssp. subrangiformis";"(Sandst.) Abbayes";"SwLi";5;"I";3;"I";5;"I";3;"I";"e";"I";2.5;"I";5;"I";3;"II";"Be";"Ga";"st";"Se";1;"I";"EN";""
58;"Cladonia macilenta";"Cladonia";"macilenta";"Hoffm.";"SwLi";3;"II";3;"II";3;"II";3;"II";"e";"II";3;"II";2;"I";1;"II";"Be";"Ga";"ap";"Ho";3;"II";"LC";""
59;"Cladonia macroceras";"Cladonia";"macroceras";"(Delise) Hav.";"SwLi";2;"I";4;"I";4;"II";3;"II";"e";"II";2.5;"II";2;"II";1;"I";"Be";"Ga";"ap";"Ho";1;"I";"LC";""
60;"Cladonia macrophylla";"Cladonia";"macrophylla";"(Schaer.) Stenh.";"SwLi";1;"I";4;"I";5;"I";4;"I";"e";"I";2.5;"I";2;"I";1;"I";"Be";"Ga";"ap";"Ne";1;"I";"LC";"selten"
61;"Cladonia macrophyllodes";"Cladonia";"macrophyllodes";"Nyl.";"SwLi";2;"II";4;"II";4;"II";3;"II";"e";"II";3;"II";2;"I";1;"I";"Be";"Ga";"ap";"Ho";1;"I";"LC";""
62;"Cladonia phyllophora";"Cladonia";"phyllophora";"Hoffm.";"SwLi";2;"I";5;"I";4;"II";2;"II";"c";"I";2.5;"I";2;"I";1;"I";"Be";"Ga";"ap";"Eu";1;"I";"LC";""
63;"Cladonia pleurota";"Cladonia";"pleurota";"(Flörke) Schaer.";"SwLi";2;"II";4;"II";4;"II";3;"II";"e";"II";3;"II";2;"II";3;"II";"Be";"Ga";"so";"Ho";1;"II";"LC";""
64;"Cladonia pocillum";"Cladonia";"pocillum";"(Ach.) Grognot";"SwLi";3;"II";3;"II";5;"II";3;"II";"e";"II";2.5;"I";4;"I";3;"II";"Be";"Ga";"ap";"Ho";1;"II";"LC";""
65;"Cladonia polycarpoides";"Cladonia";"polycarpoides";"Nyl.";"SwLi";4;"I";3;"II";5;"I";3;"II";"e";"I";2.5;"I";3;"II";1;"I";"Be";"Ga";"ap";"Se";1;"II";"CR";""
66;"Cladonia pseudopityrea";"Cladonia";"pseudopityrea";"Vain.";"SwLi";4;"I";1;"I";3;"I";4;"I";"e";"II";3;"II";2;"I";1;"I";"Be";"Ga";"ap";"Se";3;"II";"LC";"selten"
67;"Cladonia pyxidata";"Cladonia";"pyxidata";"(L.) Hoffm.";"SwLi";3;"II";3;"II";4;"II";3;"II";"e";"II";3;"II";4;"II";3;"II";"Be";"Ga";"ap";"Ho";3;"II";"LC";""
68;"Cladonia rangiferina";"Cladonia";"rangiferina";"(L.) F. H. Wigg.";"SwLi";2;"I";4;"I";4;"II";3;"II";"e";"II";3;"II";2;"II";1;"I";"Cl";"Ga";"st";"Ho";1;"II";"LC";""
69;"Cladonia rangiformis";"Cladonia";"rangiformis";"Hoffm.";"SwLi";4;"II";3;"II";5;"I";3;"II";"e";"I";2.5;"I";4;"II";1;"I";"Cl";"Ga";"ap";"Se";1;"II";"EN";""
70;"Cladonia rei";"Cladonia";"rei";"Schaer.";"SwLi";4;"I";3;"II";5;"I";3;"II";"d";"I";2.5;"I";3;"II";1;"I";"Be";"Ga";"so";"Ne";3;"II";"VU";""
71;"Cladonia stellaris";"Cladonia";"stellaris";"(Opiz) Pouzar & Vezda";"SwLi";2;"I";4;"I";4;"II";3;"I";"e";"II";3;"II";2;"II";1;"I";"Cl";"Ga";"ap";"Ho";1;"I";"VU";""
72;"Cladonia strepsilis";"Cladonia";"strepsilis";"(Ach.) Grognot";"SwLi";2;"I";4;"I";5;"I";3;"II";"e";"II";2.5;"I";2;"II";1;"I";"Be";"Ga";"ap";"Ne";1;"I";"EN";"selten"
73;"Cladonia subulata";"Cladonia";"subulata";"(L.) F. H. Wigg.";"SwLi";2;"I";4;"II";3;"II";3;"II";"e";"II";3;"II";3;"II";1;"I";"Be";"Ga";"so";"Ne";3;"II";"LC";""
74;"Cladonia sulphurina";"Cladonia";"sulphurina";"(Michx.) Fr.";"SwLi";2;"I";4;"I";3;"II";3;"II";"f";"II";3;"II";2;"I";1;"I";"Be";"Ga";"so";"Ho";1;"II";"LC";""
75;"Cladonia symphycarpa";"Cladonia";"symphycarpa";"(Flörke) Fr.";"SwLi";3;"II";4;"II";5;"II";3;"II";"e";"I";2.5;"I";5;"II";1;"II";"Be";"Ga";"ap";"Ho";1;"I";"LC";""
76;"Cladonia trassii";"Cladonia";"trassii";"Ahti";"SwLi";2;"I";5;"I";5;"I";2;"I";"d";"I";2.5;"I";2;"I";1;"I";"Be";"Ga";"ap";"?";1;"I";"LC";"selten"
77;"Cladonia uncialis";"Cladonia";"uncialis";"(L.) F. H. Wigg.";"SwLi";1;"II";4;"I";5;"II";3;"II";"e";"II";2.5;"II";2;"I";1;"I";"Cl";"Ga";"st";"Ho";1;"II";"LC";""
78;"Collema auriforme";"Collema";"auriforme";"(With.) Coppins & J. R. Laundon";"SwLi";3;"II";3;"II";3;"II";3;"II";"g";"I";4;"I";4;"I";1;"II";"Lf";"Cb";"is";"Ho";3;"II";"LC";""
79;"Collema ceraniscum";"Collema";"ceraniscum";"Nyl.";"SwLi";1;"I";4;"I";5;"I";4;"I";"e";"I";3;"I";2;"I";1;"I";"Lf";"Cb";"ap";"Pa";1;"I";"NT";"selten"
80;"Collema coccophorum";"Collema";"coccophorum";"Tuck.";"SwLi";4;"I";3;"I";4;"I";3;"I";"e";"I";3;"I";4;"I";1;"I";"Lf";"Cb";"ap";"Se";5;"I";"LC";""
81;"Collema crispum";"Collema";"crispum";"(Huds.) F. H. Wigg.";"SwLi";4;"I";3;"I";4;"I";2;"I";"e";"I";3;"I";4;"I";3;"II";"Lf";"Cb";"ap";"Se";5;"II";"LC";""
82;"Collema limosum";"Collema";"limosum";"(Ach.) Ach.";"SwLi";4;"I";3;"I";4;"II";3;"I";"e";"I";3;"I";4;"I";3;"I";"Lf";"Cb";"ap";"Se";5;"I";"LC";""
83;"Collema tenax";"Collema";"tenax";"(Swartz) Ach.";"SwLi";4;"II";3;"II";4;"II";2;"II";"e";"I";3;"I";4;"I";3;"II";"Lf";"Cb";"ap";"Ho";5;"II";"LC";""
84;"Dactylina madreporiformis";"Dactylina";"madreporiformis";"(Ach.) Tuck.";"SwLi";1;"I";4;"I";5;"I";4;"I";"e";"I";3;"I";4;"II";1;"I";"Cl";"Cb";"st";"Ho";1;"I";"LC";""
85;"Dibaeis baeomyces";"Dibaeis";"baeomyces";"(L. fil.) Rambold & Hertel";"SwLi";2;"II";4;"I";5;"II";4;"II";"e";"I";3;"I";2;"I";3;"II";"Ab";"Ga";"ap";"Ne";1;"II";"LC";""
86;"Diploschistes muscorum";"Diploschistes";"muscorum";"(Scop.) R. Sant.";"SwLi";3;"II";4;"II";5;"II";2;"II";"g";"I";4;"I";4;"II";3;"II";"Ak";"Ga";"ap";"Ho";1;"II";"LC";""
87;"Diplotomma geophilum";"Diplotomma";"geophilum";"(Sommerf.) D. D. Awasthi & S. R. Singh";"";2;"II";3;"II";5;"I";4;"I";"g";"I";4;"I";3;"II";5;"I";"Ak";"Ga";"ap";"Ho";1;"I";"NT";"selten"
88;"Endocarpon adscendens";"Endocarpon";"adscendens";"(Anzi) Müll. Arg.";"SwLi";3;"II";5;"II";5;"I";2;"II";"g";"II";4;"II";4;"II";3;"II";"Sf";"Ga";"ap";"Se";1;"II";"NT";""
89;"Endocarpon pusillum";"Endocarpon";"pusillum";"Hedw.";"SwLi";3;"II";4;"II";5;"II";3;"II";"e";"II";3;"II";4;"II";1;"I";"Sf";"Ga";"ap";"Se";1;"II";"NT";""
90;"Epilichen scabrosus";"Epilichen";"scabrosus";"(Ach.) Clem.";"SwLi";2;"I";4;"I";4;"I";3;"I";"e";"I";3;"I";2;"II";1;"I";"Ak";"Ga";"ap";"Ne";1;"I";"LC";"selten"
91;"Evernia perfragilis";"Evernia";"perfragilis";"Llano";"SwLi";1;"I";4;"I";5;"I";4;"I";"d";"II";2.5;"II";3;"II";1;"I";"Ba";"Ga";"st";"Pa";1;"I";"LC";""
92;"Fulgensia bracteata";"Fulgensia";"bracteata";"(Hoffm.) Räsänen s. l.";"SwLi";3;"II";4;"I";5;"I";3;"II";"e";"I";2.5;"I";5;"I";3;"II";"Sf";"Ga";"ap";"Ne";1;"II";"LC";""
93;"Fulgensia fulgens";"Fulgensia";"fulgens";"(Sw.) Elenkin";"SwLi";5;"I";5;"I";5;"I";2;"I";"e";"I";2.5;"I";5;"I";3;"I";"Lf";"Ga";"ap";"Se";1;"I";"VU";""
94;"Fulgensia schistidii";"Fulgensia";"schistidii";"(Anzi) Poelt";"SwLi";2;"I";4;"I";4;"I";3;"I";"g";"I";4;"I";5;"I";3;"I";"Ak";"Ga";"ap";"Se";1;"I";"LC";"selten"
95;"Fulgensia subbracteata";"Fulgensia";"subbracteata";"(Nyl.) Poelt";"SwLi";5;"I";5;"I";5;"II";1;"I";"e";"I";2.5;"I";5;"I";3;"I";"Ak";"Ga";"is";"Se";1;"II";"EN";""
96;"Fuscopannaria praetermissa";"Fuscopannaria";"praetermissa";"(Nyl.) M. Jørg.";"SwLi";2;"II";4;"I";4;"II";3;"II";"e";"II";3;"II";3;"II";1;"I";"Sf";"Cb";"ap";"Ho";1;"II";"LC";""
97;"Gyalecta foveolaris";"Gyalecta";"foveolaris";"(Ach.) Schaer.";"SwLi";1;"I";4;"I";5;"I";4;"I";"e";"II";3;"II";5;"I";1;"I";"Ak";"Ga";"ap";"Ho";1;"I";"VU";"selten"
98;"Gyalidea asteriscus";"Gyalidea";"asteriscus";"(Anzi) Aptroot & Lücking";"SwLi";5;"I";5;"I";5;"I";1;"I";"d";"I";2.5;"I";5;"I";1;"I";"Ak";"Ga";"ap";"Se";1;"I";"EN";""
99;"Helocarpon crassipes";"Helocarpon";"crassipes";"Th. Fr.";"";2;"I";4;"I";5;"I";4;"I";"g";"I";4;"I";2;"I";5;"I";"Ak";"Ga";"ap";"Ho";1;"I";"LC";"selten"
100;"Heppia adglutinata";"Heppia";"adglutinata";"(Kremp.) A. Massal.";"SwLi";3;"II";3;"II";5;"I";2;"I";"e";"II";2.5;"II";5;"I";1;"II";"Ak";"Cb";"ap";"Ne";1;"II";"VU";""
101;"Lecanora epibryon";"Lecanora";"epibryon";"(Ach.) Ach.";"SwLi";1;"I";4;"I";5;"I";4;"I";"g";"I";4;"I";5;"I";1;"I";"Ak";"Ga";"ap";"Ho";1;"I";"LC";""
102;"Lecidea berengeriana";"Lecidea";"berengeriana";"(A.Massal.) Th. Fr.";"";3;"II";4;"II";3;"II";3;"II";"g";"I";4;"I";4;"I";1;"II";"Ak";"Ga";"ap";"Ho";1;"II";"LC";""
103;"Lecidea hypnorum";"Lecidea";"hypnorum";"Lib.";"SwLi";2;"I";4;"I";4;"II";3;"II";"h";"I";4;"I";3;"II";1;"II";"Ak";"Ga";"ap";"Ho";1;"II";"LC";""
104;"Lecidea rufofusca";"Lecidea";"rufofusca";"(Anzi) Nyl.";"";1;"I";4;"I";5;"I";4;"I";"g";"I";4;"I";4;"I";5;"I";"Ak";"Ga";"ap";"Ho";1;"I";"LC";"selten"
105;"Lecidea sanguineoatra";"Lecidea";"sanguineoatra";"auct. ad int. non (Wulfen) Ach.";"SwLi";2;"II";5;"II";4;"II";2;"II";"g";"I";4;"I";3;"II";1;"I";"Ak";"Ga";"ap";"Se";1;"I";"DD";""
106;"Lecidella wulfenii";"Lecidella";"wulfenii";"(Hepp) Körb.";"";1;"I";4;"I";5;"I";4;"I";"g";"I";4;"I";4;"I";5;"I";"Ak";"Ga";"ap";"Ho";1;"I";"LC";""
107;"Lecidoma demissum";"Lecidoma";"demissum";"(Rutstr.) Gotth.Schneid. & Hertel";"SwLi";1;"I";4;"I";5;"II";4;"II";"e";"I";3;"I";2;"II";1;"I";"Ak";"Ga";"ap";"Ho";1;"II";"LC";""
108;"Leprocaulon microscopicum";"Leprocaulon";"microscopicum";"(Vill.) Gams";"SwLi";4;"II";4;"II";3;"II";2;"II";"d";"I";3;"I";2;"I";3;"II";"Be";"Ga";"so";"Se";3;"II";"VU";""
109;"Leptochidium albociliatum";"Leptochidium";"albociliatum";"(Desm.) M. Choisy";"SwLi";3;"II";5;"I";5;"I";2;"I";"e";"I";2.5;"I";3;"II";1;"I";"Lf";"Cb";"st";"Pa";1;"II";"VU";""
110;"Leptogium gelatinosum";"Leptogium";"gelatinosum";"(With.) J. R. Laundon";"SwLi";3;"II";4;"II";3;"II";3;"II";"g";"I";4;"I";4;"II";1;"I";"Lf";"Cb";"ap";"Ho";3;"II";"LC";""
111;"Leptogium imbricatum";"Leptogium";"imbricatum";"M. Jørg.";"SwLi";1;"I";4;"I";5;"I";4;"I";"e";"I";2.5;"I";5;"I";1;"I";"Lf";"Cb";"st";"?";1;"II";"LC";""
112;"Leptogium intermedium";"Leptogium";"intermedium";"(Arnold) Arnold";"SwLi";2;"II";4;"II";4;"II";3;"II";"e";"I";2.5;"I";3;"II";1;"I";"Lf";"Cb";"ap";"Ne";3;"II";"NT";""
113;"Leptogium lichenoides";"Leptogium";"lichenoides";"(L.) Zahlbr.";"SwLi";3;"II";3;"II";4;"II";3;"II";"g";"I";4;"II";4;"I";3;"II";"Lf";"Cb";"ap";"Ho";3;"II";"LC";""
114;"Leptogium subtile";"Leptogium";"subtile";"(Schrad.) Torss.";"SwLi";3;"I";5;"I";3;"I";2;"I";"e";"II";3;"II";3;"I";3;"I";"Lf";"Cb";"ap";"Ne";1;"I";"LC";""
115;"Lobaria linita";"Lobaria";"linita";"(Ach.) Rabenh.";"SwLi";2;"I";4;"I";4;"II";4;"II";"e";"II";4;"I";2;"II";1;"I";"Lf";"Ga";"so";"Ho";1;"I";"LC";""
116;"Lopadium pezizoideum";"Lopadium";"pezizoideum";"(Ach.) Körb.";"SwLi";2;"I";5;"I";4;"I";2;"I";"g";"I";4;"I";2;"I";1;"I";"Ak";"Ga";"ap";"Eu";1;"I";"LC";""
117;"Massalongia carnosa";"Massalongia";"carnosa";"(Dicks.) Körb.";"SwLi";2;"I";4;"I";4;"II";2;"I";"g";"I";4;"I";2;"I";3;"I";"Lf";"Cb";"ap";"Ho";1;"II";"CR";""
118;"Micarea lignaria var. lignaria";"Micarea";"lignaria var. lignaria";"(Ach.) Hedl.";"";3;"II";2;"I";3;"II";4;"I";"g";"I";4;"I";2;"I";5;"I";"Ak";"Ga";"ap";"Ho";1;"I";"LC";""
119;"Moelleropsis nebulosa";"Moelleropsis";"nebulosa";"(Hoffm.) Gyeln.";"SwLi";2;"I";5;"I";3;"II";2;"I";"e";"I";3;"I";2;"II";1;"I";"Sf";"Cb";"ap";"Se";1;"I";"VU";"selten"
120;"Mycobilimbia tetramera";"Mycobilimbia";"tetramera";"(De Not.) Hafellner & Türk";"";2;"I";5;"I";3;"I";3;"II";"g";"I";4;"I";3;"II";1;"II";"Ak";"Ga";"ap";"?";1;"I";"DD";""
121;"Nephroma expallidum";"Nephroma";"expallidum";"(Nyl.) Nyl.";"SwLi";1;"I";4;"I";5;"I";4;"I";"e";"II";3;"II";5;"I";1;"I";"Lf";"Ga";"ap";"Pa";1;"I";"VU";"selten"
122;"Ochrolechia upsaliensis";"Ochrolechia";"upsaliensis";"(L.) A. Massal.";"SwLi";1;"I";4;"I";5;"I";4;"I";"g";"I";4;"I";5;"I";1;"II";"Ak";"Ga";"ap";"Pa";1;"I";"LC";""
123;"Peltigera aphthosa";"Peltigera";"aphthosa";"(L.) Willd.";"SwLi";2;"I";5;"II";3;"II";3;"II";"g";"I";4;"I";3;"II";1;"I";"Lf";"Gc";"ap";"Ho";1;"I";"LC";""
124;"Peltigera canina";"Peltigera";"canina";"(L.) Willd.";"SwLi";3;"II";3;"II";3;"II";3;"II";"g";"I";4;"I";4;"II";1;"I";"Lf";"Cb";"ap";"Ne";3;"II";"LC";""
125;"Peltigera degenii";"Peltigera";"degenii";"Gyeln.";"SwLi";3;"II";4;"II";3;"II";3;"II";"g";"II";4;"II";4;"II";1;"I";"Lf";"Cb";"ap";"Ne";1;"I";"LC";""
126;"Peltigera didactyla";"Peltigera";"didactyla";"(With.) J. R. Laundon";"SwLi";3;"II";4;"II";4;"II";3;"II";"e";"I";3;"I";3;"II";5;"II";"Lf";"Cb";"so";"Me";3;"II";"LC";""
127;"Peltigera elisabethae";"Peltigera";"elisabethae";"Gyeln.";"SwLi";3;"II";4;"II";3;"II";3;"II";"g";"II";3;"II";4;"II";1;"I";"Lf";"Cb";"ap";"Ho";1;"I";"LC";""
128;"Peltigera horizontalis";"Peltigera";"horizontalis";"(Huds.) Baumg.";"SwLi";3;"II";3;"II";2;"II";3;"II";"g";"I";4;"I";4;"II";1;"I";"Lf";"Cb";"ap";"Ne";1;"I";"NT";""
129;"Peltigera kristinssonii";"Peltigera";"kristinssonii";"Vitik.";"SwLi";2;"I";5;"I";3;"I";2;"I";"g";"I";4;"I";3;"I";1;"I";"Lf";"Cb";"ap";"Ho";1;"I";"VU";"selten"
130;"Peltigera lepidophora";"Peltigera";"lepidophora";"(Vain.) Bitter";"SwLi";2;"II";4;"I";5;"I";3;"II";"e";"I";3;"I";4;"II";1;"II";"Lf";"Cb";"is";"Ho";1;"I";"NT";""
131;"Peltigera leucophlebia";"Peltigera";"leucophlebia";"(Nyl.) Gyeln.";"SwLi";2;"I";4;"II";3;"II";3;"II";"g";"I";4;"I";4;"II";1;"I";"Lf";"Gc";"ap";"Ho";1;"I";"LC";""
132;"Peltigera malacea";"Peltigera";"malacea";"(Ach.) Funck";"SwLi";2;"I";5;"I";4;"II";2;"II";"g";"II";3;"II";2;"I";1;"I";"Lf";"Ga";"ap";"Ho";1;"I";"LC";""
133;"Peltigera membranacea";"Peltigera";"membranacea";"(Ach.) Nyl.";"SwLi";3;"II";4;"II";2;"II";3;"I";"g";"I";4;"I";4;"II";1;"I";"Lf";"Cb";"ap";"Ne";1;"I";"NT";""
134;"Peltigera monticola";"Peltigera";"monticola";"Vitik.";"SwLi";2;"II";4;"I";4;"II";3;"II";"e";"I";3;"I";4;"II";1;"I";"Lf";"Cb";"ap";"?";1;"I";"LC";""
135;"Peltigera neckeri";"Peltigera";"neckeri";"Müll. Arg.";"SwLi";3;"II";3;"II";3;"II";3;"II";"g";"I";4;"I";4;"II";1;"I";"Lf";"Cb";"ap";"Me";1;"I";"LC";""
136;"Peltigera neopolydactyla";"Peltigera";"neopolydactyla";"(Gyeln.) Gyeln.";"SwLi";2;"I";4;"II";2;"II";3;"II";"g";"I";4;"I";3;"II";1;"I";"Lf";"Cb";"ap";"Ho";1;"I";"LC";""
137;"Peltigera polydactylon";"Peltigera";"polydactylon";"(Neck.) Hoffm.";"SwLi";3;"I";3;"II";3;"II";3;"II";"e";"II";3;"II";4;"II";1;"I";"Lf";"Cb";"ap";"Ne";1;"I";"LC";""
138;"Peltigera ponojensis";"Peltigera";"ponojensis";"Gyeln.";"SwLi";3;"II";3;"I";5;"II";3;"II";"e";"II";3;"II";5;"I";1;"I";"Lf";"Cb";"ap";"Ne";3;"II";"LC";""
139;"Peltigera praetextata";"Peltigera";"praetextata";"(Sommerf.) Zopf";"SwLi";3;"II";3;"II";2;"II";3;"II";"g";"I";4;"I";4;"II";1;"I";"Lf";"Cb";"ap";"Me";3;"II";"LC";""
140;"Peltigera rufescens";"Peltigera";"rufescens";"(Weiss) Humb.";"SwLi";3;"II";4;"II";4;"II";3;"II";"e";"II";3;"II";4;"II";5;"II";"Lf";"Cb";"ap";"Me";3;"II";"LC";""
141;"Peltigera venosa";"Peltigera";"venosa";"(L.) Hoffm.";"SwLi";2;"II";5;"I";3;"II";3;"II";"e";"I";3;"I";3;"II";1;"I";"Lf";"Ga";"ap";"Ho";3;"II";"LC";""
142;"Pertusaria geminipara";"Pertusaria";"geminipara";"(Th. Fr.) Brodo";"SwLi";2;"I";5;"I";3;"I";2;"I";"e";"I";3;"I";2;"II";1;"I";"Sf";"Ga";"so";"Pa";1;"I";"LC";"selten"
143;"Pertusaria oculata";"Pertusaria";"oculata";"(Dicks.) Th. Fr.";"SwLi";4;"I";4;"I";4;"I";3;"I";"g";"I";4;"I";2;"I";1;"I";"Sf";"Ga";"is";"Pa";1;"I";"CR";"selten"
144;"Phaeophyscia constipata";"Phaeophyscia";"constipata";"(Norrl. & Nyl.) Moberg";"SwLi";4;"I";5;"I";5;"I";2;"I";"e";"I";2.5;"I";5;"I";1;"I";"Lf";"Ga";"ap";"Ho";1;"II";"LC";""
145;"Phaeorrhiza nimbosa";"Phaeorrhiza";"nimbosa";"(Fr.) H. Mayrhofer & Poelt";"SwLi";2;"I";4;"I";5;"I";4;"I";"e";"I";3;"I";4;"I";1;"I";"Sf";"Ga";"ap";"Pa";1;"I";"LC";""
146;"Physconia muscigena";"Physconia";"muscigena";"(Ach.) Poelt";"SwLi";3;"II";5;"I";5;"II";3;"II";"e";"II";3;"II";4;"II";1;"I";"Lf";"Ga";"ap";"Pa";1;"I";"LC";""
147;"Placidiopsis pseudocinerea";"Placidiopsis";"pseudocinerea";"Breuss";"SwLi";1;"I";4;"I";5;"I";4;"I";"e";"I";3;"I";3;"I";1;"I";"Ak";"Ga";"ap";"?";1;"I";"DD";"selten"
148;"Placynthiella oligotropha";"Placynthiella";"oligotropha";"(J. R. Laundon) Coppins & P.James";"SwLi";2;"I";4;"I";4;"I";3;"II";"f";"I";3;"I";2;"I";1;"I";"Ak";"Ga";"ap";"Ne";3;"II";"NT";""
149;"Placynthiella uliginosa";"Placynthiella";"uliginosa";"(Schrad.) Coppins & P. James";"SwLi";2;"I";4;"I";4;"II";3;"II";"f";"I";3;"I";2;"I";1;"I";"Ak";"Ga";"ap";"Me";1;"I";"LC";""
150;"Polyblastia sendtneri";"Polyblastia";"sendtneri";"Kremp.";"SwLi";1;"I";4;"I";5;"I";4;"I";"e";"I";3;"I";4;"I";1;"I";"Ak";"Ga";"ap";"Pa";1;"I";"LC";"selten"
151;"Polychidium muscicola";"Polychidium";"muscicola";"(Sw.) Gray";"SwLi";2;"I";5;"I";1;"I";2;"I";"g";"I";4;"I";2;"I";1;"I";"St";"Cb";"ap";"Ne";1;"I";"VU";"selten"
152;"Protoblastenia terricola";"Protoblastenia";"terricola";"(Anzi) Lynge";"SwLi";2;"I";5;"I";5;"I";2;"I";"e";"I";3;"I";4;"I";1;"I";"Ak";"Ga";"ap";"?";1;"I";"NT";"selten"
153;"Protomicarea limosa";"Protomicarea";"limosa";"(Ach.) Hafellner";"";2;"II";4;"II";1;"I";3;"II";"e";"II";3;"II";2;"II";5;"I";"Ak";"Ga";"ap";"Ho";1;"I";"LC";""
154;"Protopannaria pezizoides";"Protopannaria";"pezizoides";"(Weber) M. Jørg. & S. Ekman";"SwLi";2;"I";4;"I";3;"II";3;"II";"e";"II";3;"II";3;"II";1;"I";"Ak";"Cb";"ap";"Ho";1;"I";"LC";""
155;"Psora decipiens";"Psora";"decipiens";"(Hedw.) Hoffm.";"SwLi";3;"II";4;"I";5;"I";3;"II";"e";"I";3;"I";4;"I";1;"I";"Sf";"Ga";"ap";"Me";1;"I";"LC";""
156;"Psora globifera";"Psora";"globifera";"(Ach.) A. Massal.";"SwLi";3;"II";4;"I";4;"II";3;"II";"e";"I";2.5;"I";5;"II";1;"I";"Sf";"Ga";"ap";"?";3;"II";"NT";""
158;"Psora testacea";"Psora";"testacea";"Hoffm.";"SwLi";1;"I";4;"I";5;"I";4;"I";"e";"I";2.5;"I";5;"I";1;"I";"Sf";"Ga";"ap";"Se";1;"I";"LC";"selten"
157;"Psora lurida";"Psora";"lurida";"(Ach.) DC.";"SwLi";3;"II";3;"I";5;"I";3;"II";"c";"I";2.5;"I";5;"I";3;"II";"Sf";"Ga";"ap";"Se";1;"II";"NT";""
159;"Psoroma hypnorum";"Psoroma";"hypnorum";"(Vahl) Gray";"SwLi";1;"I";5;"I";4;"II";3;"II";"f";"I";3;"I";2;"II";1;"I";"Sf";"Ga";"ap";"Pa";3;"II";"LC";""
160;"Pycnothelia papillaria";"Pycnothelia";"papillaria";"(Ehrh.) Dufour";"SwLi";2;"I";4;"I";5;"I";4;"I";"e";"I";3;"I";2;"I";1;"I";"Ab";"Ga";"ap";"Ne";1;"I";"LC";""
161;"Pyrenocollema minutulum";"Pyrenocollema";"minutulum";"(Bom.) Puym.";"SwLi";5;"I";5;"I";5;"I";1;"I";"e";"I";3;"I";4;"I";1;"I";"Lf";"Cb";"ap";"?";1;"I";"DD";"selten"
162;"Rinodina mniaraea";"Rinodina";"mniaraea";"(Ach.) Körb.";"SwLi";1;"I";4;"I";4;"I";4;"II";"g";"I";4;"I";3;"II";1;"I";"Ak";"Ga";"ap";"Pa";1;"I";"NT";""
163;"Rinodina mucronatula";"Rinodina";"mucronatula";"H. Magn.";"";2;"I";5;"I";4;"I";2;"I";"g";"I";4;"I";2;"I";1;"I";"Ak";"Ga";"ap";"?";1;"I";"VU";"selten"
164;"Rinodina roscida";"Rinodina";"roscida";"(Sommerf.) Arnold";"SwLi";1;"I";4;"I";5;"I";4;"I";"e";"II";3;"II";5;"I";1;"I";"Ak";"Ga";"ap";"Pa";1;"I";"NT";"selten"
165;"Rinodina turfacea";"Rinodina";"turfacea";"(Wahlenb.) Körb.";"SwLi";1;"I";4;"I";5;"I";5;"I";"e";"II";2.5;"II";5;"I";1;"I";"Ak";"Ga";"ap";"Ho";1;"I";"LC";"selten"
166;"Santessoniella arctophila";"Santessoniella";"arctophila";"(Th. Fr.) Henssen";"SwLi";2;"I";5;"I";5;"I";2;"I";"e";"I";3;"I";2;"I";1;"I";"Ak";"Cb";"ap";"Pa";1;"I";"NT";"selten"
167;"Solorina bispora";"Solorina";"bispora";"Nyl.";"SwLi";1;"I";4;"I";5;"I";4;"I";"e";"I";3;"I";4;"II";1;"I";"Lf";"Ga";"ap";"Pa";1;"I";"LC";""
168;"Solorina crocea";"Solorina";"crocea";"(L.) Ach.";"SwLi";1;"I";4;"I";4;"I";4;"II";"e";"I";3;"I";2;"I";1;"I";"Lf";"Gc";"ap";"Pa";1;"I";"LC";""
169;"Solorina octospora";"Solorina";"octospora";"(Arnold) Arnold";"SwLi";1;"I";4;"I";4;"I";5;"I";"e";"I";3;"I";3;"II";1;"I";"Lf";"Ga";"ap";"Ho";1;"I";"LC";""
170;"Solorina saccata";"Solorina";"saccata";"(L.) Ach.";"SwLi";2;"II";4;"I";3;"II";3;"II";"e";"I";3;"I";4;"I";1;"I";"Lf";"Ga";"ap";"Ho";1;"I";"LC";""
171;"Solorina spongiosa";"Solorina";"spongiosa";"(Ach.) Anzi";"SwLi";2;"I";5;"I";3;"II";3;"II";"e";"I";3;"I";4;"II";1;"I";"Lf";"Gc";"ap";"Pa";1;"I";"LC";""
172;"Squamarina cartilaginea";"Squamarina";"cartilaginea";"(With.) P. James";"SwLi";3;"II";4;"I";5;"I";3;"II";"e";"I";2.5;"I";5;"I";1;"I";"Sf";"Ga";"ap";"Se";1;"I";"NT";""
173;"Squamarina lentigera";"Squamarina";"lentigera";"(Weber) Poelt";"SwLi";5;"I";5;"I";5;"I";2;"I";"g";"I";4;"I";5;"I";1;"I";"Rw";"Ga";"ap";"Se";1;"I";"VU";""
174;"Stereocaulon alpinum";"Stereocaulon";"alpinum";"Laurer";"SwLi";1;"I";4;"I";4;"I";4;"II";"c";"I";2.5;"I";3;"II";1;"I";"St";"Gc";"ap";"Ho";1;"I";"LC";""
175;"Stereocaulon capitellatum";"Stereocaulon";"capitellatum";"H. Magn.";"SwLi";1;"I";4;"I";5;"I";4;"I";"c";"I";2.5;"I";2;"I";1;"I";"St";"Gc";"ap";"?";1;"I";"VU";"selten"
176;"Stereocaulon incrustatum";"Stereocaulon";"incrustatum";"Flörke";"SwLi";4;"I";2;"I";4;"I";3;"I";"c";"I";2.5;"I";2;"I";1;"I";"St";"Gc";"ap";"Ho";1;"I";"CR";"selten"
177;"Stereocaulon rivulorum";"Stereocaulon";"rivulorum";"H. Magn.";"SwLi";1;"I";4;"I";4;"I";4;"I";"c";"I";3;"I";3;"II";1;"I";"St";"Gc";"ap";"?";1;"I";"VU";"selten"
178;"Thamnolia vermicularis";"Thamnolia";"vermicularis";"(Sw.) Schaer.";"SwLi";1;"I";4;"I";5;"I";4;"II";"e";"I";2.5;"I";3;"II";1;"I";"St";"Ga";"st";"Pa";1;"I";"LC";""
179;"Thelidium zwackhii";"Thelidium";"zwackhii";"(Hepp) A. Massal.";"SwLi";2;"I";5;"I";3;"I";2;"I";"e";"I";3;"I";4;"I";1;"I";"Ak";"Ga";"ap";"Se";1;"I";"DD";"selten"
180;"Thelopsis melathelia";"Thelopsis";"melathelia";"Nyl.";"SwLi";1;"I";4;"I";5;"I";4;"I";"g";"I";4;"I";3;"I";1;"I";"Ak";"Ga";"ap";"Pa";1;"I";"DD";"selten"
181;"Thrombium epigaeum";"Thrombium";"epigaeum";"(Pers.) Wallr.";"SwLi";2;"II";4;"I";5;"I";4;"II";"e";"I";3;"I";4;"I";5;"II";"Ik";"Ga";"ap";"Ne";3;"II";"DD";""
182;"Toninia albilabra";"Toninia";"albilabra";"(Dufour) H. Olivier";"SwLi";5;"II";5;"I";5;"I";2;"I";"b";"I";2.5;"I";5;"I";1;"I";"Sf";"Ga";"ap";"?";1;"I";"LC";""
183;"Toninia alutacea";"Toninia";"alutacea";"(Anzi) Jatta";"SwLi";2;"I";4;"I";4;"I";3;"II";"b";"I";2.5;"I";4;"I";1;"I";"Sf";"Ga";"ap";"Pa";1;"I";"DD";""
184;"Toninia coelestina";"Toninia";"coelestina";"(Anzi) Vezda";"SwLi";1;"I";4;"I";5;"I";4;"I";"b";"I";2.5;"I";5;"I";1;"I";"Sf";"Ga";"ap";"?";1;"I";"VU";"selten"
185;"Toninia physaroides";"Toninia";"physaroides";"(Oppiz) Zahlbr.";"SwLi";5;"I";4;"I";5;"I";2;"I";"e";"I";3;"I";5;"I";1;"I";"Sf";"Ga";"ap";"Se";1;"I";"VU";""
186;"Toninia rosulata";"Toninia";"rosulata";"(Anzi) H. Olivier";"SwLi";1;"I";4;"I";5;"I";4;"I";"b";"I";2.5;"I";5;"I";1;"I";"Rw";"Ga";"ap";"Pa";1;"I";"LC";""
187;"Toninia sedifolia";"Toninia";"sedifolia";"(Scop.) Timdal";"SwLi";3;"II";4;"I";5;"I";3;"II";"e";"II";3;"II";5;"I";1;"I";"Sf";"Ga";"ap";"Me";3;"II";"LC";""
188;"Toninia squalida";"Toninia";"squalida";"(Ach.) A. Massal.";"SwLi";4;"II";5;"I";5;"I";2;"I";"e";"I";2.5;"I";5;"I";1;"I";"Sf";"Ga";"ap";"Se";1;"I";"LC";""
189;"Toninia taurica";"Toninia";"taurica";"(Szatala) Oksner";"SwLi";3;"I";4;"I";5;"I";2;"II";"b";"I";2.5;"I";5;"I";1;"I";"Sf";"Ga";"ap";"Se";3;"II";"NT";""
190;"Trapeliopsis gelatinosa";"Trapeliopsis";"gelatinosa";"(Flörke) Coppins & P. James";"SwLi";3;"I";3;"II";1;"I";3;"II";"e";"I";3;"I";3;"I";1;"I";"Ak";"Ga";"ap";"Ne";3;"I";"LC";""
191;"Trapeliopsis pseudogranulosa";"Trapeliopsis";"pseudogranulosa";"Coppins & P. James";"SwLi";5;"I";5;"I";3;"I";1;"I";"e";"I";3;"I";2;"I";1;"I";"Ak";"Ga";"so";"Se";3;"I";"LC";"selten"
192;"Vezdaea retigera";"Vezdaea";"retigera";"Poelt & Döbbeler";"";4;"I";3;"I";3;"I";3;"I";"e";"I";2.5;"I";4;"I";1;"I";"Ak";"Ga";"ap";"Ne";3;"II";"DD";"selten"
